{
  "stats": {
    "mask_coverage_pct": 0.9009247727814726,
    "high_conf_mask_coverage_pct": 0.0,
    "total_detections": 2,
    "high_confidence_boxes": 0,
    "low_confidence_boxes": 2,
    "avg_confidence": 0.5069960355758667,
    "min_confidence": 0.3573799133300781,
    "max_confidence": 0.6566121578216553,
    "median_confidence": 0.5069960355758667,
    "avg_mask_ratio": 0.25539662494380155,
    "min_mask_ratio": 0.24647302904564317,
    "max_mask_ratio": 0.26432022084196,
    "low_conf_avg_confidence": 0.5069960355758667,
    "low_conf_avg_mask_ratio": 0.25539662494380155,
    "mask_ratio_distribution": {
      "0-25%": 1,
      "25-50%": 1,
      "50-75%": 0,
      "75-100%": 0
    }
  },
  "parameters": {
    "mask_threshold": 0.5,
    "mask_low_confidence": 0.1
  },
  "high_confidence_boxes": [],
  "low_confidence_boxes": [
    {
      "conf": 0.6566121578216553,
      "mask_ratio": 0.24647302904564317,
      "cls": 1
    },
    {
      "conf": 0.3573799133300781,
      "mask_ratio": 0.26432022084196,
      "cls": 1
    }
  ]
}