{
  "stats": {
    "mask_coverage_pct": 0.2577055476907078,
    "high_conf_mask_coverage_pct": 0.2577055476907078,
    "total_detections": 1,
    "high_confidence_boxes": 1,
    "low_confidence_boxes": 0,
    "avg_confidence": 0.25000354647636414,
    "min_confidence": 0.25000354647636414,
    "max_confidence": 0.25000354647636414,
    "median_confidence": 0.25000354647636414,
    "avg_mask_ratio": 0.5538336052202284,
    "min_mask_ratio": 0.5538336052202284,
    "max_mask_ratio": 0.5538336052202284,
    "high_conf_avg_confidence": 0.25000354647636414,
    "high_conf_avg_mask_ratio": 0.5538336052202284,
    "mask_ratio_distribution": {
      "0-25%": 0,
      "25-50%": 0,
      "50-75%": 1,
      "75-100%": 0
    },
    "class_distribution": {
      "1": {
        "count": 1,
        "high_conf": 1,
        "low_conf": 0
      }
    }
  },
  "parameters": {
    "mask_threshold": 0.5,
    "mask_low_confidence": 0.1
  },
  "high_confidence_boxes": [
    {
      "conf": 0.25000354647636414,
      "mask_ratio": 0.5538336052202284,
      "cls": 1
    }
  ],
  "low_confidence_boxes": []
}